{"cameraMode":{"drawMode":0,"name":"Shaded","section":"Shading Mode"},"sceneLighting":true,"audioPlay":false,"sceneViewState":{"m_AlwaysRefresh":false,"showFog":true,"showSkybox":true,"showFlares":true,"showImageEffects":true,"showParticleSystems":true,"showVisualEffectGraphs":true,"m_FxEnabled":true},"in2DMode":false,"pivot":{"x":-2.0722246170043947,"y":-21.45046615600586,"z":-0.9827054738998413},"rotation":{"x":0.00293313292786479,"y":0.7311387062072754,"z":-0.6822328567504883,"w":0.0031457035802304746},"size":22.563241958618165,"orthographic":false}