{"cameraMode":{"drawMode":0,"name":"Shaded","section":"Shading Mode"},"sceneLighting":false,"audioPlay":false,"sceneViewState":{"m_AlwaysRefresh":false,"showFog":true,"showSkybox":false,"showFlares":true,"showImageEffects":true,"showParticleSystems":true,"showVisualEffectGraphs":true,"m_FxEnabled":true},"in2DMode":false,"pivot":{"x":1.9677708148956299,"y":-1.4199942350387574,"z":0.34683600068092348},"rotation":{"x":0.2512315809726715,"y":0.5994668006896973,"z":-0.20587432384490968,"w":0.7315368056297302},"size":3.8631327152252199,"orthographic":false}