{"cameraMode":{"drawMode":0,"name":"Shaded","section":"Shading Mode"},"sceneLighting":false,"audioPlay":false,"sceneViewState":{"m_AlwaysRefresh":false,"showFog":true,"showSkybox":false,"showFlares":true,"showImageEffects":true,"showParticleSystems":true,"showVisualEffectGraphs":true,"m_FxEnabled":true},"in2DMode":false,"pivot":{"x":1.1912641525268555,"y":-2.2685892581939699,"z":1.8173763751983643},"rotation":{"x":0.17058077454566956,"y":0.8267256021499634,"z":-0.34061458706855776,"w":0.41403934359550478},"size":5.23591947555542,"orthographic":false}